side,btc,open,gap,yes,prob,rem,hedged,pnl,reason,held
YES,78968.95,78902.54,66.4,0.65,0.65,760,False,-0.1672,pair_fill_leg_timeout,5
YES,78646.8,78584.14,62.7,0.65,0.64,855,False,-0.4684,pair_fill_leg_timeout,5
YES,78652.04,78584.14,67.9,0.65,0.66,725,False,-0.3596,pair_fill_leg_timeout,5
YES,78402.12,78381.6,20.5,0.59,0.55,882,False,-0.5188,pair_fill_leg_timeout,5
YES,78394.47,78381.6,12.9,0.57,0.53,876,False,0.2861,pair_fill_leg_timeout,5
YES,78433.38,78381.6,51.8,0.65,0.61,871,False,-0.0216,pair_fill_leg_timeout,5
YES,78453.26,78381.6,71.7,0.7,0.66,865,False,-0.2,pair_fill_leg_timeout,5
YES,78468.02,78381.6,86.4,0.72,0.69,860,False,-0.873,pair_fill_leg_timeout,5
YES,78401.83,78381.6,20.2,0.59,0.55,844,False,-0.4392,pair_fill_leg_timeout,5
YES,78404.01,78381.6,22.4,0.57,0.55,839,False,-0.3821,pair_fill_leg_timeout,5
YES,78405.75,78381.6,24.1,0.58,0.56,832,False,-0.695,pair_fill_leg_timeout,5
YES,78404.45,78381.6,22.8,0.58,0.55,824,False,0.044,pair_fill_leg_timeout,5
YES,78421.55,78381.6,39.9,0.63,0.59,819,False,-0.335,pair_fill_leg_timeout,5
YES,78422.11,78381.6,40.5,0.62,0.59,813,False,-0.498,pair_fill_leg_timeout,5
YES,78408.64,78381.6,27.0,0.6,0.56,803,False,-0.594,pair_fill_leg_timeout,5
YES,78406.07,78381.6,24.5,0.57,0.56,797,False,-0.1354,pair_fill_leg_timeout,5
YES,78409.94,78381.6,28.3,0.58,0.57,791,False,-0.614,pair_fill_leg_timeout,5
YES,78404.08,78381.6,22.5,0.57,0.55,780,False,-0.5092,pair_fill_leg_timeout,5
YES,78402.38,78381.6,20.8,0.56,0.55,774,False,-0.2164,pair_fill_leg_timeout,5
YES,78410.06,78381.6,28.5,0.58,0.57,769,False,-0.776,pair_fill_leg_timeout,5
YES,78393.66,78381.6,12.1,0.57,0.53,747,False,-0.2177,pair_fill_leg_timeout,5
YES,78407.8,78381.6,26.2,0.59,0.56,740,False,-0.5188,pair_fill_leg_timeout,5
YES,78397.37,78381.6,15.8,0.57,0.54,735,False,-0.4646,pair_fill_leg_timeout,5
YES,78404.02,78381.6,22.4,0.56,0.56,729,False,-0.4672,pair_fill_leg_timeout,5
YES,78400.1,78381.6,18.5,0.55,0.55,723,False,-0.47,pair_fill_leg_timeout,5
YES,78394.74,78381.6,13.1,0.55,0.53,718,False,-0.045,pair_fill_leg_timeout,5
YES,78417.05,78381.6,35.4,0.6,0.59,712,False,-0.2015,pair_fill_leg_timeout,5
YES,78429.33,78381.6,47.7,0.62,0.62,706,False,0.054,force_close,3
YES,78731.02,78724.25,6.8,0.53,0.51,896,False,-0.8059,pair_fill_leg_timeout,8
YES,78852.37,78724.25,128.1,0.8,0.81,606,False,-0.2001,pair_fill_leg_timeout,8
YES,78844.15,78724.25,119.9,0.81,0.79,598,False,-0.1995,pair_fill_leg_timeout,8
YES,78847.52,78724.25,123.3,0.81,0.8,589,False,-0.1995,pair_fill_leg_timeout,8
YES,78845.17,78724.25,120.9,0.81,0.8,579,False,-0.269,pair_fill_leg_timeout,8
YES,78830.46,78724.25,106.2,0.79,0.77,570,False,0.0932,pair_fill_leg_timeout,8
YES,78847.28,78724.25,123.0,0.84,0.8,561,False,-0.235,pair_fill_leg_timeout,8
YES,78849.53,78724.25,125.3,0.84,0.81,548,False,-0.3025,pair_fill_leg_timeout,8
YES,78840.48,78724.25,116.2,0.82,0.8,539,False,-0.081,pair_fill_leg_timeout,8
YES,78842.45,78724.25,118.2,0.83,0.8,531,False,-0.1881,pair_fill_leg_timeout,8
YES,78849.86,78724.25,125.6,0.83,0.82,522,False,-0.1881,pair_fill_leg_timeout,8
YES,78846.45,78724.25,122.2,0.83,0.81,513,False,-0.0619,pair_fill_leg_timeout,8
YES,78861.15,78724.25,136.9,0.85,0.84,505,False,-0.1768,pair_fill_leg_timeout,8
YES,78851.02,78724.25,126.8,0.85,0.83,496,False,-0.12,pair_fill_leg_timeout,8
YES,78856.72,78724.25,132.5,0.86,0.84,488,False,-0.1662,pair_fill_leg_timeout,8
YES,78854.41,78724.25,130.2,0.87,0.84,479,False,-0.1,pair_fill_leg_timeout,8
YES,78863.83,78724.25,139.6,0.88,0.86,471,False,-0.2102,pair_fill_leg_timeout,8
YES,78858.45,78724.25,134.2,0.87,0.85,462,False,-0.1557,pair_fill_leg_timeout,8
YES,78853.48,78724.25,129.2,0.86,0.84,453,False,-0.0438,pair_fill_leg_timeout,8
YES,78859.59,78724.25,135.3,0.88,0.86,445,False,-0.2102,pair_fill_leg_timeout,8
YES,78848.53,78724.25,124.3,0.86,0.84,436,False,-0.1762,pair_fill_leg_timeout,8
YES,78835.79,78724.25,111.5,0.85,0.81,427,False,-0.1768,pair_fill_leg_timeout,8
YES,78834.25,78724.25,110.0,0.85,0.81,418,False,-0.2904,pair_fill_leg_timeout,8
YES,78820.65,78724.25,96.4,0.83,0.78,409,False,-0.2462,pair_fill_leg_timeout,8
YES,78812.6,78724.25,88.4,0.82,0.77,400,False,-0.2676,pair_fill_leg_timeout,8
YES,78802.75,78724.25,78.5,0.79,0.74,392,False,0.0324,pair_fill_leg_timeout,8
YES,78809.97,78724.25,85.7,0.83,0.77,383,False,-0.0619,pair_fill_leg_timeout,8
YES,78819.47,78724.25,95.2,0.87,0.79,374,False,-0.0998,pair_fill_leg_timeout,8
YES,78841.52,78724.25,117.3,0.89,0.84,365,False,0.0181,pair_fill_leg_timeout,8
YES,78858.44,78724.25,134.2,0.909,0.88,357,False,-0.2242,pair_fill_leg_timeout,8
YES,78848.74,78724.25,124.5,0.89,0.86,348,False,-0.199,pair_fill_leg_timeout,8
YES,78833.88,78724.25,109.6,0.88,0.84,339,False,-0.1551,pair_fill_leg_timeout,8
YES,78825.37,78724.25,101.1,0.88,0.82,331,False,-0.2653,pair_fill_leg_timeout,8
YES,78820.52,78724.25,96.3,0.86,0.81,322,False,-0.1662,pair_fill_leg_timeout,8
YES,78823.32,78724.25,99.1,0.86,0.82,313,False,-0.3548,pair_fill_leg_timeout,8
YES,78815.96,78724.25,91.7,0.81,0.81,303,False,-0.4475,pair_fill_leg_timeout,8
YES,78800.61,78724.25,76.4,0.78,0.77,293,False,-0.806,pair_fill_leg_timeout,8
YES,78758.54,78724.25,34.3,0.62,0.63,274,False,-0.726,pair_fill_leg_timeout,8
YES,78751.23,78724.25,27.0,0.59,0.61,265,False,-0.3596,pair_fill_leg_timeout,8
YES,78750.05,78724.25,25.8,0.58,0.6,257,False,-0.614,pair_fill_leg_timeout,8
YES,78733.49,78724.25,9.2,0.57,0.54,248,False,-0.3,force_close,4
YES,78861.06,78804.3,56.8,0.71,0.59,779,False,-0.4382,pair_stop_loss,1
YES,78859.44,78804.3,55.1,0.69,0.63,767,False,-0.289,pair_stop_loss,1
YES,78845.66,78804.3,41.4,0.69,0.6,740,False,-0.358,pair_stop_loss,4
YES,78852.57,78804.3,48.3,0.68,0.62,735,False,-0.4394,pair_stop_loss,4
YES,78838.11,78804.3,33.8,0.66,0.59,617,False,-0.4557,pair_stop_loss,4
YES,78838.09,78804.3,33.8,0.66,0.59,602,False,-0.4557,pair_stop_loss,2
YES,78833.69,78804.3,29.4,0.66,0.58,590,False,-0.6814,pair_stop_loss,3
YES,78835.73,78804.3,31.4,0.66,0.59,583,False,-0.5995,pair_stop_loss,5
YES,78828.6,78804.3,24.3,0.66,0.57,537,False,-0.0862,pair_fill_leg_timeout,20
YES,78844.13,78804.3,39.8,0.69,0.61,517,False,-0.427,pair_stop_loss,2
YES,78806.77,78804.3,2.5,0.64,0.52,52,True,0.4351,pair_paper_locked_recycle,1
YES,79221.15,79216.71,4.4,0.53,0.51,978,False,-0.584,pair_stop_loss,8
YES,79218.73,79216.71,2.0,0.52,0.5,964,False,-0.5888,pair_stop_loss,4
YES,79180.37,79051.03,129.3,0.86,0.7,728,False,-0.391,pair_stop_loss,3
YES,79149.79,79051.03,98.8,0.81,0.73,715,False,-0.259,pair_stop_loss,20
YES,79140.43,79051.03,89.4,0.81,0.71,688,False,-0.259,pair_stop_loss,9
YES,79133.45,79051.03,82.4,0.81,0.7,678,True,0.108,pair_paper_locked_recycle,14
YES,79146.62,79051.03,95.6,0.86,0.73,664,False,-0.2786,pair_stop_loss,12
YES,79137.49,79051.03,86.5,0.85,0.71,649,False,-0.2336,pair_stop_loss,10
YES,79132.46,79051.03,81.4,0.84,0.7,638,False,-0.235,pair_stop_loss,4
YES,79132.24,79051.03,81.2,0.83,0.7,633,False,-0.2462,pair_stop_loss,8
YES,79127.85,79051.03,76.8,0.82,0.69,625,True,0.1152,pair_paper_locked_recycle,9
YES,79136.15,79051.03,85.1,0.87,0.72,616,True,0.0771,pair_paper_locked_recycle,3
YES,79149.24,79051.03,98.2,0.89,0.75,611,False,-0.308,pair_stop_loss,13
YES,79139.87,79051.03,88.8,0.89,0.73,594,False,-0.0146,pair_fill_leg_timeout,20
YES,79140.55,79051.03,89.5,0.908,0.73,574,False,-0.3356,pair_stop_loss,5
YES,79129.83,79051.03,78.8,0.89,0.71,562,False,-0.2535,pair_stop_loss,7
YES,79127.7,79051.03,76.7,0.88,0.71,553,False,-0.4957,pair_stop_loss,3
YES,79115.31,79051.03,64.3,0.83,0.68,539,False,-0.4886,pair_stop_loss,14
YES,79074.01,79051.03,23.0,0.68,0.57,510,False,-0.7186,pair_stop_loss,1
YES,79072.78,79051.03,21.8,0.72,0.56,505,False,-1.7449,pair_stop_loss,2
YES,78419.38,78372.69,46.7,0.79,0.64,542,False,-0.5956,pair_stop_loss,1
YES,78403.51,78372.69,30.8,0.72,0.59,530,True,0.0752,pair_paper_locked_recycle,1
YES,78406.92,78372.69,34.2,0.73,0.6,525,True,0.2124,pair_paper_locked_recycle,2
YES,78403.72,78372.69,31.0,0.76,0.59,517,True,0.082,pair_paper_locked_recycle,14
YES,78410.24,78372.69,37.6,0.82,0.61,502,False,-0.444,pair_stop_loss,5
YES,78416.25,78372.69,43.6,0.78,0.63,497,False,-0.2832,pair_stop_loss,3
YES,78411.83,78372.69,39.1,0.79,0.62,487,True,0.0932,pair_paper_locked_recycle,9
YES,78414.76,78372.69,42.1,0.84,0.63,477,True,0.12,pair_paper_locked_recycle,6
YES,78420.11,78372.69,47.4,0.89,0.65,471,True,0.1371,pair_paper_locked_recycle,5
YES,78425.27,78372.69,52.6,0.99,0.62,366,False,-0.025,pair_hedge_below_venue_minimum,0
